WKT,name,description
"POLYGON ((106.8233717 -6.171491, 106.8230712 -6.1797683, 106.8236721 -6.180323, 106.8310106 -6.1801096, 106.8309677 -6.179619, 106.8303883 -6.1787656, 106.8305814 -6.1784883, 106.8298948 -6.1777203, 106.829809 -6.1735177, 106.8293369 -6.173283, 106.8290579 -6.1728777, 106.8291652 -6.1719177, 106.8289936 -6.1716404, 106.8233717 -6.171491))",Taman Monas Jakarta,
"POLYGON ((106.7983023 -6.2146688, 106.798431 -6.2206417, 106.8028942 -6.2224335, 106.8048039 -6.2246306, 106.8087092 -6.2219855, 106.808323 -6.2213882, 106.8082801 -6.2157994, 106.8070355 -6.2157781, 106.8061343 -6.2155434, 106.8061343 -6.2147968, 106.8063703 -6.2135809, 106.8061343 -6.2134103, 106.8060914 -6.2128557, 106.7983023 -6.2146688))",Gelora Bung Karno,
"POLYGON ((106.8162185 -6.3049599, 106.8163901 -6.305941, 106.816948 -6.3070074, 106.8168193 -6.3077325, 106.8161755 -6.3080311, 106.8157893 -6.3097373, 106.8161326 -6.3104625, 106.8176776 -6.3103772, 106.8178063 -6.314728, 106.8165618 -6.3151545, 106.8166905 -6.3162209, 106.8187934 -6.3163915, 106.8192225 -6.3172873, 106.8247586 -6.3177991, 106.8257457 -6.311145, 106.8265181 -6.3114435, 106.8269473 -6.3086709, 106.824544 -6.3087136, 106.8245869 -6.3064955, 106.8231278 -6.3063675, 106.8224412 -6.3067088, 106.8205529 -6.3064529, 106.8205958 -6.3057704, 106.8162185 -6.3049599))",Kebun Binatang Ragunan,
"POLYGON ((106.8893885 -6.3014931, 106.88941 -6.3027035, 106.8904507 -6.3027035, 106.8904614 -6.3024848, 106.890322 -6.3021916, 106.8903327 -6.3017864, 106.8905151 -6.3016477, 106.8903863 -6.3014718, 106.8893885 -6.3014931))",Taman Mini Indonesia Indah,
"POLYGON ((106.8509005 -6.2328908, 106.8507288 -6.2342346, 106.8524669 -6.2353865, 106.8527458 -6.2364957, 106.8517159 -6.2398872, 106.8527458 -6.2420843, 106.8538616 -6.2419776, 106.8530891 -6.2409324, 106.8528317 -6.2397806, 106.8531964 -6.2385434, 106.8536041 -6.236837, 106.8533037 -6.2347892, 106.8528102 -6.2348532, 106.8527029 -6.233744, 106.852381 -6.233424, 106.8514154 -6.2337013, 106.8512438 -6.2330188, 106.8509005 -6.2328908))",Tebet Echo Park,
