WKT,name,description
"POLYGON ((106.7786079 -6.3174002, 106.7717415 -6.3557028, 106.7219597 -6.3594561, 106.7157799 -6.4109762, 106.7322594 -6.4406577, 106.8129402 -6.4467984, 106.8747383 -6.4614678, 106.9101006 -6.4208702, 106.9413429 -6.4034703, 106.9080406 -6.3911877, 106.9131207 -6.3617398, 106.840406 -6.3420541, 106.8101936 -6.364233, 106.7895084 -6.3656831, 106.8087506 -6.3153333, 106.7786079 -6.3174002))",Kota Administrasi Depok, Jawa Barat,
